Data_Sources\Forest\20251118_135104_560475.png,Forest
Data_Sources\Forest\20251118_135106_135611.png,Forest
Data_Sources\Forest\20251118_135107_727347.png,Forest
Data_Sources\Forest\20251118_135109_323643.png,Forest
Data_Sources\Forest\20251118_135110_922479.png,Forest
Data_Sources\Forest\20251118_135112_478327.png,Forest
Data_Sources\Forest\20251118_135114_038856.png,Forest
Data_Sources\Forest\20251118_135115_619876.png,Forest
Data_Sources\Forest\20251118_135117_187817.png,Forest
Data_Sources\Forest\20251118_172718_578515.png,Forest
Data_Sources\Forest\20251118_172720_163595.png,Forest
Data_Sources\Forest\20251118_172721_746880.png,Forest
Data_Sources\Forest\20251118_172723_319364.png,Forest
Data_Sources\Forest\20251118_172724_883953.png,Forest
Data_Sources\Forest\20251118_172726_454787.png,Forest
Data_Sources\Forest\20251118_172728_028633.png,Forest
Data_Sources\Forest\20251118_172729_599004.png,Forest
Data_Sources\Forest\20251118_172731_157168.png,Forest
Data_Sources\Forest\20251118_172732_747396.png,Forest
Data_Sources\Forest\20251118_172734_333381.png,Forest
Data_Sources\Forest\20251118_172735_914703.png,Forest
Data_Sources\Forest\20251118_172737_467233.png,Forest
Data_Sources\Forest\20251118_172739_033185.png,Forest
Data_Sources\Forest\20251118_172740_596795.png,Forest
Data_Sources\Forest\20251118_172742_173255.png,Forest
Data_Sources\Forest\20251118_172743_733683.png,Forest
Data_Sources\Forest\20251118_172745_299978.png,Forest
Data_Sources\Forest\20251118_172746_872264.png,Forest
Data_Sources\Forest\20251118_172748_438024.png,Forest
Data_Sources\Forest\20251118_172750_049232.png,Forest
Data_Sources\Forest\20251118_172751_631767.png,Forest
Data_Sources\Forest\20251118_172753_266676.png,Forest
Data_Sources\Forest\20251118_172754_911141.png,Forest
Data_Sources\Forest\20251118_172756_568122.png,Forest
Data_Sources\Forest\20251118_172758_173762.png,Forest
Data_Sources\Forest\20251118_172759_745005.png,Forest
Data_Sources\Forest\20251118_172801_284133.png,Forest
Data_Sources\Forest\20251118_172802_861235.png,Forest
Data_Sources\Forest\20251118_172804_447630.png,Forest
Data_Sources\Forest\20251118_172806_019046.png,Forest
Data_Sources\Forest\20251118_172807_599323.png,Forest
Data_Sources\Forest\20251118_172809_165857.png,Forest
Data_Sources\Forest\20251118_172810_738967.png,Forest
Data_Sources\Forest\20251118_172812_296027.png,Forest
Data_Sources\Forest\20251118_172813_854666.png,Forest
Data_Sources\Forest\20251118_173212_554130.png,Forest
Data_Sources\Forest\20251118_173214_270412.png,Forest
Data_Sources\Forest\20251118_173215_868872.png,Forest
Data_Sources\Forest\20251118_173217_443769.png,Forest
Data_Sources\Forest\20251118_173219_010980.png,Forest
Data_Sources\Forest\20251118_173220_603141.png,Forest
Data_Sources\Forest\20251118_173222_208052.png,Forest
Data_Sources\Forest\20251118_173223_793558.png,Forest
Data_Sources\Forest\20251118_173225_360967.png,Forest
Data_Sources\Forest\20251118_173226_927131.png,Forest
Data_Sources\Forest\20251118_173228_506029.png,Forest
Data_Sources\Forest\20251118_173230_109228.png,Forest
Data_Sources\Forest\20251118_173231_693679.png,Forest
Data_Sources\Forest\20251118_173233_291334.png,Forest
Data_Sources\Forest\20251118_173234_858312.png,Forest
Data_Sources\Forest\20251118_173236_438339.png,Forest
Data_Sources\Forest\20251118_173238_008338.png,Forest
Data_Sources\Forest\20251118_173239_595649.png,Forest
Data_Sources\Forest\20251118_173241_175977.png,Forest
Data_Sources\Forest\20251118_173242_742084.png,Forest
Data_Sources\Forest\20251118_173244_344576.png,Forest
Data_Sources\Forest\20251118_173245_911389.png,Forest
Data_Sources\Forest\20251118_173247_476286.png,Forest
Data_Sources\Forest\20251118_173249_054208.png,Forest
Data_Sources\Forest\20251118_173250_642136.png,Forest
Data_Sources\Forest\20251118_173252_198250.png,Forest
Data_Sources\Forest\20251118_173253_759969.png,Forest
Data_Sources\Forest\20251118_173255_310026.png,Forest
Data_Sources\Forest\20251118_173256_857616.png,Forest
Data_Sources\Forest\20251118_173258_431134.png,Forest
Data_Sources\Forest\20251118_173300_001308.png,Forest
Data_Sources\Forest\20251118_173301_575874.png,Forest
Data_Sources\Forest\20251118_173303_125791.png,Forest
Data_Sources\Forest\20251118_173304_681847.png,Forest
Data_Sources\Forest\20251118_173306_251184.png,Forest
Data_Sources\Forest\20251118_173307_804034.png,Forest
Data_Sources\Forest\20251118_173309_361637.png,Forest
Data_Sources\Forest\20251118_173310_913788.png,Forest
Data_Sources\Forest\20251118_173312_462952.png,Forest
Data_Sources\Forest\20251118_173314_044217.png,Forest
Data_Sources\Forest\20251118_173315_612856.png,Forest
Data_Sources\Forest\20251118_173317_199770.png,Forest
Data_Sources\Forest\20251118_173318_769802.png,Forest
Data_Sources\Forest\20251118_173320_342201.png,Forest
Data_Sources\Forest\20251118_173321_904957.png,Forest
Data_Sources\Forest\20251118_173323_474432.png,Forest
Data_Sources\Forest\20251118_173325_059461.png,Forest
Data_Sources\Forest\20251118_173326_638835.png,Forest
Data_Sources\Forest\20251118_173328_234907.png,Forest
Data_Sources\Forest\20251118_173329_828523.png,Forest
Data_Sources\Forest\20251118_173331_401789.png,Forest
Data_Sources\Forest\20251118_173333_025546.png,Forest
Data_Sources\Forest\20251118_173334_594166.png,Forest
Data_Sources\Forest\20251118_173336_257791.png,Forest
Data_Sources\Forest\20251118_173337_823959.png,Forest
Data_Sources\Forest\20251118_173339_427024.png,Forest
Data_Sources\Forest\20251118_173341_017103.png,Forest
Data_Sources\Forest\20251118_173342_607626.png,Forest
Data_Sources\Forest\20251118_173344_173348.png,Forest
Data_Sources\Forest\20251118_173345_741793.png,Forest
Data_Sources\Forest\20251118_173347_309039.png,Forest
Data_Sources\Forest\20251118_173348_876951.png,Forest
Data_Sources\Forest\20251118_173350_438140.png,Forest
Data_Sources\Forest\20251118_173352_035396.png,Forest
Data_Sources\Forest\20251118_173353_627632.png,Forest
Data_Sources\Forest\20251118_173355_209503.png,Forest
Data_Sources\Forest\20251118_173356_775742.png,Forest
Data_Sources\Forest\20251118_173358_351903.png,Forest
Data_Sources\Forest\20251118_173359_926011.png,Forest
Data_Sources\Forest\20251118_173401_487449.png,Forest
Data_Sources\Forest\20251118_173403_120405.png,Forest
Data_Sources\Forest\20251118_173404_727143.png,Forest
Data_Sources\Forest\20251118_173406_292092.png,Forest
Data_Sources\Forest\20251118_173407_860340.png,Forest
Data_Sources\Forest\20251118_173409_460034.png,Forest
Data_Sources\Forest\20251118_173411_024762.png,Forest
Data_Sources\Forest\20251118_173412_576251.png,Forest
Data_Sources\Forest\20251118_173414_140871.png,Forest
Data_Sources\Forest\20251118_173415_694179.png,Forest
Data_Sources\Forest\20251118_173417_244369.png,Forest
Data_Sources\Forest\20251118_173418_847327.png,Forest
Data_Sources\Forest\20251118_173420_465843.png,Forest
Data_Sources\Forest\20251118_173422_058762.png,Forest
Data_Sources\Forest\20251118_173423_648685.png,Forest
Data_Sources\Forest\20251118_173425_209531.png,Forest
Data_Sources\Forest\20251118_173426_769638.png,Forest
Data_Sources\Forest\20251118_173428_344246.png,Forest
Data_Sources\Forest\20251118_173429_919263.png,Forest
Data_Sources\Forest\20251118_173431_484876.png,Forest
Data_Sources\Forest\20251118_173433_045843.png,Forest
Data_Sources\Forest\20251118_173434_617280.png,Forest
Data_Sources\Forest\20251118_173436_182162.png,Forest
Data_Sources\Forest\20251118_173437_746744.png,Forest
Data_Sources\Forest\20251118_173439_313334.png,Forest
Data_Sources\Forest\20251118_173440_881871.png,Forest
Data_Sources\Forest\20251118_173442_464192.png,Forest
Data_Sources\Forest\20251118_173444_059159.png,Forest
Data_Sources\Forest\20251118_173445_648502.png,Forest
Data_Sources\Forest\20251118_173447_260086.png,Forest
Data_Sources\Forest\20251118_173448_843006.png,Forest
Data_Sources\Forest\20251118_175654_634977.png,Forest
Data_Sources\Forest\20251118_175654_958592.png,Forest
Data_Sources\Forest\20251118_175655_269736.png,Forest
Data_Sources\Forest\20251118_175655_575313.png,Forest
Data_Sources\Forest\20251118_175655_885629.png,Forest
Data_Sources\Forest\20251118_175656_202354.png,Forest
Data_Sources\Forest\20251118_175656_519781.png,Forest
Data_Sources\Forest\20251118_175656_831636.png,Forest
Data_Sources\Forest\20251118_175657_137946.png,Forest
Data_Sources\Forest\20251118_175657_449061.png,Forest
Data_Sources\Forest\20251118_175657_762024.png,Forest
Data_Sources\Forest\20251118_175658_062331.png,Forest
Data_Sources\Forest\20251118_175658_379595.png,Forest
Data_Sources\Forest\20251118_175658_768864.png,Forest
Data_Sources\Forest\20251118_175659_102078.png,Forest
Data_Sources\Forest\20251118_175659_420867.png,Forest
Data_Sources\Forest\20251118_175659_727038.png,Forest
Data_Sources\Forest\20251118_175700_035820.png,Forest
Data_Sources\Forest\20251118_175700_341014.png,Forest
Data_Sources\Forest\20251118_175700_647371.png,Forest
Data_Sources\Forest\20251118_175700_944534.png,Forest
Data_Sources\Forest\20251118_175701_257772.png,Forest
Data_Sources\Forest\20251118_175701_570108.png,Forest
Data_Sources\Forest\20251118_175701_886650.png,Forest
Data_Sources\Forest\20251118_175702_198246.png,Forest
Data_Sources\Forest\20251118_175702_505592.png,Forest
Data_Sources\Forest\20251118_175702_816646.png,Forest
Data_Sources\Forest\20251118_175703_135204.png,Forest
Data_Sources\Forest\20251118_175703_625118.png,Forest
Data_Sources\Forest\20251118_175703_929561.png,Forest
Data_Sources\Forest\20251118_175704_232050.png,Forest
Data_Sources\Forest\20251118_175704_533084.png,Forest
Data_Sources\Forest\20251118_175704_938667.png,Forest
Data_Sources\Forest\20251118_175705_276160.png,Forest
Data_Sources\Forest\20251118_175705_579815.png,Forest
Data_Sources\Forest\20251118_175705_885174.png,Forest
Data_Sources\Forest\20251118_175706_198770.png,Forest
Data_Sources\Forest\20251118_175706_508430.png,Forest
Data_Sources\Forest\20251118_175706_831006.png,Forest
Data_Sources\Forest\20251118_175707_142841.png,Forest
Data_Sources\Forest\20251118_175707_461318.png,Forest
Data_Sources\Forest\20251118_175707_809003.png,Forest
Data_Sources\Forest\20251118_175708_136620.png,Forest
Data_Sources\Forest\20251118_175708_477453.png,Forest
Data_Sources\Forest\20251118_175708_795765.png,Forest
Data_Sources\Forest\20251118_175709_106302.png,Forest
Data_Sources\Forest\20251118_175709_455611.png,Forest
Data_Sources\Forest\20251118_175709_860952.png,Forest
Data_Sources\Forest\20251118_175710_187534.png,Forest
Data_Sources\Forest\20251118_175710_516559.png,Forest
Data_Sources\Forest\20251118_175710_843289.png,Forest
Data_Sources\Forest\20251118_175711_158326.png,Forest
Data_Sources\Forest\20251118_175711_484002.png,Forest
Data_Sources\Forest\20251118_175711_782268.png,Forest
Data_Sources\Forest\20251118_175712_083082.png,Forest
Data_Sources\Forest\20251118_175712_395074.png,Forest
Data_Sources\Forest\20251118_175712_747595.png,Forest
Data_Sources\Forest\20251118_175713_074580.png,Forest
Data_Sources\Forest\20251118_175713_397985.png,Forest
Data_Sources\Forest\20251118_175713_727748.png,Forest
Data_Sources\Forest\20251118_175714_049281.png,Forest
Data_Sources\Forest\20251118_175714_353647.png,Forest
Data_Sources\Forest\20251118_175714_695746.png,Forest
Data_Sources\Forest\20251118_175715_153943.png,Forest
Data_Sources\Forest\20251118_175715_508288.png,Forest
Data_Sources\Forest\20251118_175715_840762.png,Forest
Data_Sources\Forest\20251118_175716_159788.png,Forest
Data_Sources\Forest\20251118_175716_479156.png,Forest
Data_Sources\Forest\20251118_175716_787243.png,Forest
Data_Sources\Forest\20251118_175717_096811.png,Forest
Data_Sources\Forest\20251118_175717_416192.png,Forest
Data_Sources\Forest\20251118_175717_747799.png,Forest
Data_Sources\Forest\20251118_175718_068079.png,Forest
Data_Sources\Forest\20251118_175718_407170.png,Forest
Data_Sources\Forest\20251118_175718_747621.png,Forest
Data_Sources\Forest\20251118_175719_114300.png,Forest
Data_Sources\Forest\20251118_175719_490843.png,Forest
Data_Sources\Forest\20251118_175719_887986.png,Forest
Data_Sources\Forest\20251118_175720_243819.png,Forest
Data_Sources\Forest\20251118_175720_618052.png,Forest
Data_Sources\Forest\20251118_175720_977159.png,Forest
Data_Sources\Forest\20251118_175721_333264.png,Forest
Data_Sources\Forest\20251118_175721_705196.png,Forest
Data_Sources\Forest\20251118_175722_092142.png,Forest
Data_Sources\Forest\20251118_175722_474270.png,Forest
Data_Sources\Forest\20251118_175722_818990.png,Forest
Data_Sources\Forest\20251118_175723_179408.png,Forest
Data_Sources\Forest\20251118_175723_547806.png,Forest
Data_Sources\Forest\20251118_175723_914920.png,Forest
Data_Sources\Forest\20251118_175724_379072.png,Forest
Data_Sources\Forest\20251118_175724_792342.png,Forest
Data_Sources\Forest\20251118_175725_131378.png,Forest
Data_Sources\Forest\20251118_175725_453664.png,Forest
Data_Sources\Forest\20251118_175725_808826.png,Forest
Data_Sources\Forest\20251118_175726_167739.png,Forest
Data_Sources\Forest\20251118_175726_545364.png,Forest
Data_Sources\Forest\20251118_175726_989988.png,Forest
Data_Sources\Forest\20251118_175727_381547.png,Forest
Data_Sources\Forest\20251118_175727_781003.png,Forest
Data_Sources\Forest\20251118_175728_147096.png,Forest
Data_Sources\Forest\20251118_175728_480641.png,Forest
Data_Sources\Forest\20251118_175728_811099.png,Forest
Data_Sources\Forest\20251118_175729_155530.png,Forest
Data_Sources\Forest\20251118_175729_489391.png,Forest
Data_Sources\Forest\20251118_175729_816139.png,Forest
Data_Sources\Forest\20251118_175730_140235.png,Forest
Data_Sources\Forest\20251118_175730_498259.png,Forest
Data_Sources\Forest\20251118_175730_819409.png,Forest
Data_Sources\Forest\20251118_175731_159547.png,Forest
Data_Sources\Forest\20251118_175731_484099.png,Forest
Data_Sources\Forest\20251118_175731_823497.png,Forest
Data_Sources\Forest\20251118_175732_147193.png,Forest
Data_Sources\Forest\20251118_175732_461303.png,Forest
Data_Sources\Forest\20251118_175732_813910.png,Forest
Data_Sources\Forest\20251118_175733_168290.png,Forest
Data_Sources\Forest\20251118_175733_501067.png,Forest
Data_Sources\Forest\20251118_175733_836348.png,Forest
Data_Sources\Forest\20251118_175734_164281.png,Forest
Data_Sources\Forest\20251118_175734_500350.png,Forest
Data_Sources\Forest\20251118_175734_815470.png,Forest
Data_Sources\Forest\20251118_175735_143721.png,Forest
Data_Sources\Forest\20251118_175735_465448.png,Forest
Data_Sources\Forest\20251118_175735_838420.png,Forest
Data_Sources\Forest\20251118_175736_174121.png,Forest
Data_Sources\Forest\20251118_175736_495277.png,Forest
Data_Sources\Forest\20251118_175736_810386.png,Forest
Data_Sources\Forest\20251118_175737_127115.png,Forest
Data_Sources\Forest\20251118_175737_449540.png,Forest
Data_Sources\Forest\20251118_175737_796272.png,Forest
Data_Sources\Forest\20251118_175738_160386.png,Forest
Data_Sources\Forest\20251118_175738_482463.png,Forest
Data_Sources\Forest\20251118_175738_799136.png,Forest
Data_Sources\Forest\20251118_175739_108226.png,Forest
Data_Sources\Forest\20251118_175739_484184.png,Forest
Data_Sources\Forest\20251118_175739_801789.png,Forest
Data_Sources\Forest\20251118_175740_136048.png,Forest
Data_Sources\Forest\20251118_175740_520078.png,Forest
Data_Sources\Forest\20251118_175740_939392.png,Forest
Data_Sources\Forest\20251118_175741_279192.png,Forest
Data_Sources\Forest\20251118_175741_598763.png,Forest
Data_Sources\Forest\20251118_175741_917855.png,Forest
Data_Sources\Forest\20251118_175742_238564.png,Forest
Data_Sources\Forest\20251118_175742_575900.png,Forest
Data_Sources\Forest\20251118_175742_974310.png,Forest
Data_Sources\Forest\20251118_175743_319959.png,Forest
Data_Sources\Forest\20251118_175743_663396.png,Forest
Data_Sources\Forest\20251118_175743_984728.png,Forest
Data_Sources\Forest\20251118_175744_314466.png,Forest
Data_Sources\Forest\20251118_175744_641338.png,Forest
Data_Sources\Forest\20251118_175744_973862.png,Forest
Data_Sources\Forest\20251118_175745_311167.png,Forest
Data_Sources\Forest\20251118_175745_639131.png,Forest
Data_Sources\Forest\20251118_175745_998243.png,Forest
Data_Sources\Forest\20251118_175746_339042.png,Forest
Data_Sources\Forest\20251118_175746_709806.png,Forest
Data_Sources\Forest\20251118_175747_078813.png,Forest
Data_Sources\Forest\20251118_175747_418426.png,Forest
Data_Sources\Forest\20251118_175747_872477.png,Forest
Data_Sources\Forest\20251118_175748_239054.png,Forest
Data_Sources\Forest\20251118_175748_651334.png,Forest
Data_Sources\Forest\20251118_175749_020932.png,Forest
Data_Sources\Forest\20251118_175749_385325.png,Forest
Data_Sources\Forest\20251118_175749_739588.png,Forest
Data_Sources\Forest\20251118_175750_114934.png,Forest
Data_Sources\Forest\20251118_175750_517775.png,Forest
Data_Sources\Forest\20251118_175750_873817.png,Forest
Data_Sources\Forest\20251118_175751_203815.png,Forest
Data_Sources\Forest\20251118_175751_518088.png,Forest
Data_Sources\Forest\20251118_175751_830622.png,Forest
Data_Sources\Forest\20251118_175752_139214.png,Forest
Data_Sources\Forest\20251118_175752_497150.png,Forest
Data_Sources\Forest\20251118_175752_862025.png,Forest
Data_Sources\Forest\20251118_175753_186516.png,Forest
Data_Sources\Forest\20251118_175753_501902.png,Forest
Data_Sources\Forest\20251118_175753_823027.png,Forest
Data_Sources\Forest\20251118_175754_240230.png,Forest
Data_Sources\Forest\20251118_175754_654927.png,Forest
Data_Sources\Forest\20251118_175754_995103.png,Forest
Data_Sources\Forest\20251118_175755_339361.png,Forest
Data_Sources\Forest\20251118_175755_666725.png,Forest
Data_Sources\Forest\20251118_175756_001869.png,Forest
Data_Sources\Forest\20251118_175756_392235.png,Forest
Data_Sources\Forest\20251118_175756_899503.png,Forest
Data_Sources\Forest\20251118_175757_263541.png,Forest
Data_Sources\Forest\20251118_175757_594938.png,Forest
Data_Sources\Forest\20251118_175757_912814.png,Forest
Data_Sources\Forest\20251118_175758_233913.png,Forest
Data_Sources\Forest\20251118_175758_557115.png,Forest
Data_Sources\Forest\20251118_175758_888213.png,Forest
Data_Sources\Forest\20251118_175759_197857.png,Forest
Data_Sources\Forest\20251118_175759_496051.png,Forest
Data_Sources\Forest\20251118_175759_801146.png,Forest
Data_Sources\Forest\20251118_175800_125652.png,Forest
Data_Sources\Forest\20251118_175800_442874.png,Forest
Data_Sources\Forest\20251118_175800_750108.png,Forest
Data_Sources\Forest\20251118_175801_039405.png,Forest
Data_Sources\Forest\20251118_175801_327758.png,Forest
Data_Sources\Forest\20251118_175801_629027.png,Forest
Data_Sources\Forest\20251118_175801_928099.png,Forest
Data_Sources\Forest\20251118_175802_238423.png,Forest
Data_Sources\Forest\20251118_175802_559632.png,Forest
Data_Sources\Forest\20251118_175802_876123.png,Forest
Data_Sources\Forest\20251118_175803_185004.png,Forest
Data_Sources\Forest\20251118_175803_496104.png,Forest
Data_Sources\Forest\20251118_175803_833195.png,Forest
Data_Sources\Forest\20251118_175804_160812.png,Forest
Data_Sources\Forest\20251118_175804_489629.png,Forest
Data_Sources\Forest\20251118_175804_823134.png,Forest
Data_Sources\Forest\20251118_175805_153144.png,Forest
Data_Sources\Forest\20251118_175805_464930.png,Forest
Data_Sources\Forest\20251118_175805_768005.png,Forest
Data_Sources\Forest\20251118_175806_077583.png,Forest
Data_Sources\Forest\20251118_175806_388718.png,Forest
Data_Sources\Forest\20251118_175806_700296.png,Forest
Data_Sources\Forest\20251118_175807_010931.png,Forest
Data_Sources\Forest\20251118_175807_328095.png,Forest
Data_Sources\Forest\20251118_175807_638912.png,Forest
Data_Sources\Forest\20251118_175807_967005.png,Forest
Data_Sources\Forest\20251118_175808_294138.png,Forest
Data_Sources\Forest\20251118_175808_611890.png,Forest
Data_Sources\Forest\20251118_175808_932479.png,Forest
Data_Sources\Forest\20251118_175809_300608.png,Forest
Data_Sources\Forest\20251118_175809_685304.png,Forest
Data_Sources\Forest\20251118_175810_011875.png,Forest
Data_Sources\Forest\20251118_175810_323916.png,Forest
Data_Sources\Forest\20251118_175810_708447.png,Forest
Data_Sources\Forest\20251118_175811_030836.png,Forest
Data_Sources\Forest\20251118_175811_349621.png,Forest
Data_Sources\Forest\20251118_175811_681147.png,Forest
Data_Sources\Forest\20251118_175812_000795.png,Forest
Data_Sources\Forest\20251118_175812_316490.png,Forest
Data_Sources\Forest\20251118_175812_639659.png,Forest
Data_Sources\Forest\20251118_175812_957446.png,Forest
Data_Sources\Forest\20251118_175813_275201.png,Forest
Data_Sources\Forest\20251118_175813_593392.png,Forest
Data_Sources\Forest\20251118_175813_920980.png,Forest
Data_Sources\Forest\20251118_175814_231260.png,Forest
Data_Sources\Forest\20251118_175814_537724.png,Forest
Data_Sources\Forest\20251118_175814_838795.png,Forest
Data_Sources\Forest\20251118_175815_137758.png,Forest
Data_Sources\Forest\20251118_175815_447120.png,Forest
Data_Sources\Forest\20251118_175815_762205.png,Forest
Data_Sources\Forest\20251118_175816_076817.png,Forest
Data_Sources\Forest\20251118_175816_406394.png,Forest
Data_Sources\Forest\20251118_175816_745350.png,Forest
Data_Sources\Forest\20251118_175817_114028.png,Forest
Data_Sources\Forest\20251118_175817_482135.png,Forest
Data_Sources\Forest\20251118_175817_822233.png,Forest
Data_Sources\Forest\20251118_175818_178001.png,Forest
Data_Sources\Forest\20251118_175818_530972.png,Forest
Data_Sources\Forest\20251118_175818_892264.png,Forest
Data_Sources\Forest\20251118_175819_275710.png,Forest
Data_Sources\Forest\20251118_175819_618563.png,Forest
Data_Sources\Forest\20251118_175819_966200.png,Forest
Data_Sources\Forest\20251118_175820_309974.png,Forest
Data_Sources\Forest\20251118_175820_656384.png,Forest
Data_Sources\Forest\20251118_175821_049806.png,Forest
Data_Sources\Forest\20251118_175821_416488.png,Forest
Data_Sources\Forest\20251118_175821_752727.png,Forest
Data_Sources\Forest\20251118_175822_094639.png,Forest
Data_Sources\Forest\20251118_175822_444764.png,Forest
Data_Sources\Forest\20251118_175822_799999.png,Forest
Data_Sources\Forest\20251118_175823_197511.png,Forest
Data_Sources\Forest\20251118_175823_582115.png,Forest
Data_Sources\Forest\20251118_175823_946568.png,Forest
Data_Sources\Forest\20251118_175824_325056.png,Forest
Data_Sources\Forest\20251118_175824_703192.png,Forest
Data_Sources\Forest\20251118_175825_080966.png,Forest
Data_Sources\Forest\20251118_175825_448651.png,Forest
Data_Sources\Forest\20251118_175825_804136.png,Forest
Data_Sources\Forest\20251118_175826_111799.png,Forest
Data_Sources\Forest\20251118_175826_432830.png,Forest
Data_Sources\Forest\20251118_175826_741979.png,Forest
Data_Sources\Forest\20251118_175827_046052.png,Forest
Data_Sources\Forest\20251118_175827_370179.png,Forest
Data_Sources\Forest\20251118_175827_687983.png,Forest
Data_Sources\Forest\20251118_175828_008240.png,Forest
Data_Sources\Forest\20251118_175828_307349.png,Forest
Data_Sources\Forest\20251118_175828_612249.png,Forest
Data_Sources\Forest\20251118_175828_917489.png,Forest
Data_Sources\Forest\20251118_175829_222110.png,Forest
Data_Sources\Forest\20251118_175829_536688.png,Forest
Data_Sources\Forest\20251118_175829_842354.png,Forest
Data_Sources\Forest\20251118_175830_148874.png,Forest
Data_Sources\Forest\20251118_175830_452662.png,Forest
Data_Sources\Forest\20251118_175830_767969.png,Forest
Data_Sources\Forest\20251118_175831_093630.png,Forest
Data_Sources\Forest\20251118_175831_402199.png,Forest
Data_Sources\Forest\20251118_175831_714081.png,Forest
Data_Sources\Forest\20251118_175832_029155.png,Forest
Data_Sources\Forest\20251118_175832_334902.png,Forest
Data_Sources\Forest\20251118_175832_648320.png,Forest
Data_Sources\Forest\20251118_175832_965158.png,Forest
Data_Sources\Forest\20251118_175833_275381.png,Forest
Data_Sources\Forest\20251118_175833_583150.png,Forest
Data_Sources\Forest\20251118_175833_889244.png,Forest
Data_Sources\Forest\20251118_175834_197186.png,Forest
Data_Sources\Forest\20251118_175834_498961.png,Forest
Data_Sources\Forest\20251118_175834_806149.png,Forest
Data_Sources\Forest\20251118_175835_134162.png,Forest
Data_Sources\Forest\20251118_175835_445710.png,Forest
Data_Sources\Forest\20251118_175835_746802.png,Forest
Data_Sources\Forest\20251118_175836_039754.png,Forest
Data_Sources\Forest\20251118_175836_330799.png,Forest
Data_Sources\Forest\20251118_175836_642434.png,Forest
Data_Sources\Forest\20251118_175836_961602.png,Forest
Data_Sources\Forest\20251118_175837_310815.png,Forest
Data_Sources\Forest\20251118_175837_648690.png,Forest
Data_Sources\Forest\20251118_175837_982398.png,Forest
Data_Sources\Forest\20251118_175838_296560.png,Forest
Data_Sources\Forest\20251118_175838_606776.png,Forest
Data_Sources\Forest\20251118_175838_912876.png,Forest
Data_Sources\Forest\20251118_175839_238545.png,Forest
Data_Sources\Forest\20251118_175839_580238.png,Forest
Data_Sources\Forest\20251118_175839_903826.png,Forest
Data_Sources\Forest\20251118_175840_228275.png,Forest
Data_Sources\Forest\20251118_175840_541939.png,Forest
Data_Sources\Forest\20251118_175840_854694.png,Forest
Data_Sources\Forest\20251118_175841_168138.png,Forest
Data_Sources\Forest\20251118_175841_486243.png,Forest
Data_Sources\Forest\20251118_175841_798569.png,Forest
Data_Sources\Forest\20251118_175842_103049.png,Forest
Data_Sources\Forest\20251118_175842_409122.png,Forest
Data_Sources\Forest\20251118_175842_710203.png,Forest
Data_Sources\Forest\20251118_175843_036874.png,Forest
Data_Sources\Forest\20251118_175843_352048.png,Forest
Data_Sources\Forest\20251118_175843_659720.png,Forest
Data_Sources\Forest\20251118_175843_962998.png,Forest
Data_Sources\Forest\20251118_175844_265016.png,Forest
Data_Sources\Forest\20251118_175844_566092.png,Forest
Data_Sources\Forest\20251118_175844_876297.png,Forest
Data_Sources\Forest\20251118_175845_189740.png,Forest
Data_Sources\Forest\20251118_175845_501659.png,Forest
Data_Sources\Forest\20251118_175845_861822.png,Forest
Data_Sources\Forest\20251118_175846_175245.png,Forest
Data_Sources\Forest\20251118_175846_478351.png,Forest
Data_Sources\Forest\20251118_175846_784237.png,Forest
Data_Sources\Forest\20251118_175847_096062.png,Forest
Data_Sources\Forest\20251118_175847_402942.png,Forest
Data_Sources\Forest\20251118_175847_707956.png,Forest
Data_Sources\Forest\20251118_175848_012638.png,Forest
Data_Sources\Forest\20251118_175848_319631.png,Forest
Data_Sources\Forest\20251118_175848_646123.png,Forest
Data_Sources\Forest\20251118_175848_967878.png,Forest
Data_Sources\Forest\20251118_175849_284000.png,Forest
Data_Sources\Forest\20251118_175849_595081.png,Forest
Data_Sources\Forest\20251118_175849_905166.png,Forest
Data_Sources\Forest\20251118_175850_217245.png,Forest
Data_Sources\Forest\20251118_175850_529278.png,Forest
Data_Sources\Forest\20251118_175850_832309.png,Forest
Data_Sources\Forest\20251118_175851_138764.png,Forest
Data_Sources\Forest\20251118_175851_487806.png,Forest
Data_Sources\Forest\20251118_175851_818490.png,Forest
Data_Sources\Forest\20251118_175852_140255.png,Forest
Data_Sources\Forest\20251118_175852_447677.png,Forest
Data_Sources\Forest\20251118_175852_756263.png,Forest
Data_Sources\Forest\20251118_175853_065721.png,Forest
Data_Sources\Forest\20251118_175853_379511.png,Forest
Data_Sources\Forest\20251118_175853_685768.png,Forest
Data_Sources\Forest\20251118_175854_024633.png,Forest
Data_Sources\Forest\20251118_175854_359738.png,Forest
Data_Sources\Forest\20251118_175854_875541.png,Forest
Data_Sources\Forest\20251118_175855_195615.png,Forest
Data_Sources\Forest\20251118_175855_507551.png,Forest
Data_Sources\Forest\20251118_175855_827183.png,Forest
Data_Sources\Forest\20251118_175856_151276.png,Forest
Data_Sources\Forest\20251118_175856_460755.png,Forest
Data_Sources\Forest\20251118_175856_788472.png,Forest
Data_Sources\Forest\20251118_175857_105346.png,Forest
Data_Sources\Forest\20251118_175857_448735.png,Forest
Data_Sources\Forest\20251118_175857_776623.png,Forest
Data_Sources\Forest\20251118_175858_102320.png,Forest
Data_Sources\Forest\20251118_175858_431250.png,Forest
Data_Sources\Forest\20251118_175858_740836.png,Forest
Data_Sources\Forest\20251118_175859_092689.png,Forest
Data_Sources\Forest\20251118_175859_411486.png,Forest
Data_Sources\Forest\20251118_175859_712072.png,Forest
Data_Sources\Forest\20251118_175900_016071.png,Forest
Data_Sources\Forest\20251118_175900_329222.png,Forest
Data_Sources\Forest\20251118_175900_651775.png,Forest
Data_Sources\Forest\20251118_175900_971191.png,Forest
Data_Sources\Forest\20251118_175901_288274.png,Forest
Data_Sources\Forest\20251118_175901_606850.png,Forest
Data_Sources\Forest\20251118_175901_921544.png,Forest
Data_Sources\Forest\20251118_175902_243109.png,Forest
Data_Sources\Forest\20251118_175902_555725.png,Forest
Data_Sources\Forest\20251118_175902_893014.png,Forest
Data_Sources\Forest\20251118_175903_230046.png,Forest
Data_Sources\Forest\20251118_175903_549293.png,Forest
Data_Sources\Forest\20251118_175903_859893.png,Forest
Data_Sources\Forest\20251118_175904_175971.png,Forest
Data_Sources\Forest\20251118_175904_493949.png,Forest
Data_Sources\Forest\20251118_175904_815077.png,Forest
Data_Sources\Forest\20251118_175905_131479.png,Forest
Data_Sources\Forest\20251118_175905_442735.png,Forest
Data_Sources\Forest\20251118_175905_753373.png,Forest
Data_Sources\Forest\20251118_175906_072752.png,Forest
Data_Sources\Forest\20251118_175906_444143.png,Forest
Data_Sources\Forest\20251118_175906_749746.png,Forest
Data_Sources\Forest\20251118_175907_058711.png,Forest
Data_Sources\Forest\20251118_175907_363001.png,Forest
Data_Sources\Forest\20251118_175907_663304.png,Forest
Data_Sources\Forest\20251118_175907_964268.png,Forest
Data_Sources\Forest\20251118_175908_277360.png,Forest
Data_Sources\Forest\20251118_175908_626013.png,Forest
Data_Sources\Forest\20251118_175908_928081.png,Forest
Data_Sources\Forest\20251118_175909_269639.png,Forest
Data_Sources\Forest\20251118_175909_611974.png,Forest
Data_Sources\Forest\20251118_175910_002136.png,Forest
Data_Sources\Forest\20251118_175910_449819.png,Forest
Data_Sources\Forest\20251118_175910_834323.png,Forest
Data_Sources\Forest\20251118_175911_180956.png,Forest
Data_Sources\Forest\20251118_175911_552167.png,Forest
Data_Sources\Forest\20251118_175911_935489.png,Forest
Data_Sources\Forest\20251118_175912_301073.png,Forest
Data_Sources\Forest\20251118_175912_598210.png,Forest
Data_Sources\Forest\20251118_175912_951072.png,Forest
Data_Sources\Forest\20251118_175913_279828.png,Forest
Data_Sources\Forest\20251118_175913_610916.png,Forest
Data_Sources\Forest\20251118_175913_964012.png,Forest
Data_Sources\Forest\20251118_175914_331670.png,Forest
Data_Sources\Forest\20251118_175914_710766.png,Forest
Data_Sources\Forest\20251118_175915_099013.png,Forest
Data_Sources\Forest\20251118_175915_457188.png,Forest
Data_Sources\Forest\20251118_175915_833170.png,Forest
Data_Sources\Forest\20251118_175916_209326.png,Forest
Data_Sources\Forest\20251118_175916_550884.png,Forest
Data_Sources\Forest\20251118_175916_861003.png,Forest
Data_Sources\Forest\20251118_175917_181853.png,Forest
Data_Sources\Forest\20251118_175917_515142.png,Forest
Data_Sources\Forest\20251118_175917_844844.png,Forest
Data_Sources\Forest\20251118_175918_167980.png,Forest
Data_Sources\Forest\20251118_175918_494641.png,Forest
Data_Sources\Forest\20251118_175918_829449.png,Forest
Data_Sources\Forest\20251118_175919_165118.png,Forest
Data_Sources\Forest\20251118_175919_493215.png,Forest
Data_Sources\Forest\20251118_175919_798193.png,Forest
Data_Sources\Forest\20251118_175920_111400.png,Forest
Data_Sources\Forest\20251118_175920_423668.png,Forest
Data_Sources\Forest\20251118_175920_730377.png,Forest
Data_Sources\Forest\20251118_175921_042268.png,Forest
Data_Sources\Forest\20251118_175921_351195.png,Forest
Data_Sources\Forest\20251118_175921_699560.png,Forest
Data_Sources\Forest\20251118_175922_044170.png,Forest
Data_Sources\Forest\20251118_175922_357267.png,Forest
Data_Sources\Forest\20251118_175922_676366.png,Forest
Data_Sources\Forest\20251118_175922_989032.png,Forest
Data_Sources\Forest\20251118_175923_312138.png,Forest
Data_Sources\Forest\20251118_175923_623239.png,Forest
Data_Sources\Forest\20251118_175923_956820.png,Forest
Data_Sources\Forest\20251118_175924_375549.png,Forest
Data_Sources\Forest\20251118_175924_696438.png,Forest
Data_Sources\Forest\20251118_175925_023158.png,Forest
Data_Sources\Forest\20251118_175925_325748.png,Forest
Data_Sources\Forest\20251118_175925_645953.png,Forest
Data_Sources\Forest\20251118_175925_959386.png,Forest
Data_Sources\Forest\20251118_175926_279225.png,Forest
Data_Sources\Forest\20251118_175926_615254.png,Forest
Data_Sources\Forest\20251118_175926_920816.png,Forest
Data_Sources\Forest\20251118_175927_225738.png,Forest
Data_Sources\Forest\20251118_175927_528725.png,Forest
Data_Sources\Forest\20251118_175927_832941.png,Forest
Data_Sources\Forest\20251118_175928_154819.png,Forest
Data_Sources\Forest\20251118_175928_478529.png,Forest
Data_Sources\Forest\20251118_175928_784775.png,Forest
Data_Sources\Forest\20251118_175929_109083.png,Forest
Data_Sources\Forest\20251118_175929_521583.png,Forest
Data_Sources\Forest\20251118_175929_872013.png,Forest
Data_Sources\Forest\20251118_175930_192276.png,Forest
Data_Sources\Forest\20251118_175930_505143.png,Forest
Data_Sources\Forest\20251118_175930_823690.png,Forest
Data_Sources\Forest\20251118_175931_127057.png,Forest
Data_Sources\Forest\20251118_175931_428720.png,Forest
Data_Sources\Forest\20251118_175931_731054.png,Forest
Data_Sources\Forest\20251118_175932_033131.png,Forest
Data_Sources\Forest\20251118_175932_342281.png,Forest
Data_Sources\Forest\20251118_175932_679790.png,Forest
Data_Sources\Forest\20251118_175932_984669.png,Forest
Data_Sources\Forest\20251118_175933_296302.png,Forest
Data_Sources\Forest\20251118_175933_599949.png,Forest
Data_Sources\Forest\20251118_175933_908402.png,Forest
Data_Sources\Forest\20251118_175934_214865.png,Forest
Data_Sources\Forest\20251118_175934_525995.png,Forest
Data_Sources\Forest\20251118_175934_831226.png,Forest
Data_Sources\Forest\20251118_175935_154359.png,Forest
Data_Sources\Forest\20251118_175935_514602.png,Forest
Data_Sources\Forest\20251118_175935_831313.png,Forest
Data_Sources\Forest\20251118_175936_138008.png,Forest
Data_Sources\Forest\20251118_175936_438098.png,Forest
Data_Sources\Forest\20251118_175936_739330.png,Forest
Data_Sources\Forest\20251118_175937_055078.png,Forest
Data_Sources\Forest\20251118_175937_378753.png,Forest
Data_Sources\Forest\20251118_175937_697161.png,Forest
Data_Sources\Forest\20251118_175938_011360.png,Forest
Data_Sources\Forest\20251118_175938_324732.png,Forest
Data_Sources\Forest\20251118_175938_626322.png,Forest
Data_Sources\Forest\20251118_175938_933328.png,Forest
Data_Sources\Forest\20251118_175939_288358.png,Forest
Data_Sources\Forest\20251118_175939_683019.png,Forest
Data_Sources\Forest\20251118_175940_026650.png,Forest
Data_Sources\Forest\20251118_175940_338146.png,Forest
Data_Sources\Forest\20251118_175940_651110.png,Forest
Data_Sources\Forest\20251118_175940_974678.png,Forest
Data_Sources\Forest\20251118_175941_276508.png,Forest
Data_Sources\Forest\20251118_175941_597747.png,Forest
Data_Sources\Forest\20251118_175941_908853.png,Forest
Data_Sources\Forest\20251118_175942_215574.png,Forest
Data_Sources\Forest\20251118_175942_522100.png,Forest
Data_Sources\Forest\20251118_175942_823131.png,Forest
Data_Sources\Forest\20251118_175943_135176.png,Forest
Data_Sources\Forest\20251118_175943_442571.png,Forest
Data_Sources\Forest\20251118_175943_743272.png,Forest
Data_Sources\Forest\20251118_175944_044525.png,Forest
Data_Sources\Forest\20251118_175944_353101.png,Forest
Data_Sources\Forest\20251118_175944_671545.png,Forest
Data_Sources\Forest\20251118_175944_982136.png,Forest
Data_Sources\Forest\20251118_175945_288990.png,Forest
Data_Sources\Forest\20251118_175945_590701.png,Forest
Data_Sources\Forest\20251118_175945_901067.png,Forest
Data_Sources\Forest\20251118_175946_204709.png,Forest
Data_Sources\Forest\20251118_175946_500689.png,Forest
Data_Sources\Forest\20251118_175946_795641.png,Forest
Data_Sources\Forest\20251118_175947_106974.png,Forest
Data_Sources\Forest\20251118_175947_426726.png,Forest
Data_Sources\Forest\20251118_175947_737784.png,Forest
Data_Sources\Forest\20251118_175948_052738.png,Forest
Data_Sources\Forest\20251118_175948_374516.png,Forest
Data_Sources\Forest\20251118_175948_688915.png,Forest
Data_Sources\Forest\20251118_175949_017757.png,Forest
Data_Sources\Forest\20251118_175949_344407.png,Forest
Data_Sources\Forest\20251118_175949_660405.png,Forest
Data_Sources\Forest\20251118_175949_962960.png,Forest
Data_Sources\Forest\20251118_175950_261030.png,Forest
Data_Sources\Forest\20251118_175950_557676.png,Forest
Data_Sources\Forest\20251118_175950_858378.png,Forest
Data_Sources\Forest\20251118_175951_160395.png,Forest
Data_Sources\Forest\20251118_175951_469378.png,Forest
Data_Sources\Forest\20251118_175951_788025.png,Forest
Data_Sources\Forest\20251118_175952_153880.png,Forest
Data_Sources\Forest\20251118_175952_489458.png,Forest
Data_Sources\Forest\20251118_175952_808340.png,Forest
Data_Sources\Forest\20251118_175953_166272.png,Forest
Data_Sources\Forest\20251118_175953_509154.png,Forest
Data_Sources\Forest\20251118_175953_845310.png,Forest
Data_Sources\Forest\20251118_175954_202610.png,Forest
Data_Sources\Forest\20251118_175954_546011.png,Forest
Data_Sources\Forest\20251118_175954_910854.png,Forest
Data_Sources\Forest\20251118_175955_278624.png,Forest
Data_Sources\Forest\20251118_175955_638010.png,Forest
Data_Sources\Forest\20251118_175955_983762.png,Forest
Data_Sources\Forest\20251118_175956_333869.png,Forest
Data_Sources\Forest\20251118_175956_742476.png,Forest
Data_Sources\Forest\20251118_175957_081821.png,Forest
Data_Sources\Forest\20251118_175957_422286.png,Forest
Data_Sources\Forest\20251118_175957_753187.png,Forest
Data_Sources\Forest\20251118_175958_108335.png,Forest
Data_Sources\Forest\20251118_175958_454825.png,Forest
Data_Sources\Forest\20251118_175958_779180.png,Forest
Data_Sources\Forest\20251118_175959_090358.png,Forest
Data_Sources\Forest\20251118_175959_404423.png,Forest
Data_Sources\Forest\20251118_175959_728502.png,Forest
Data_Sources\Forest\20251118_180000_037267.png,Forest
Data_Sources\Forest\20251118_180000_348148.png,Forest
Data_Sources\Forest\20251118_180000_673165.png,Forest
Data_Sources\Forest\20251118_180000_991486.png,Forest
Data_Sources\Forest\20251118_180001_302288.png,Forest
Data_Sources\Forest\20251118_180001_591955.png,Forest
Data_Sources\Forest\20251118_180001_893083.png,Forest
Data_Sources\Forest\20251118_180002_198655.png,Forest
Data_Sources\Forest\20251118_180002_502476.png,Forest
Data_Sources\Forest\20251118_180002_816425.png,Forest
Data_Sources\Forest\20251118_180003_141497.png,Forest
Data_Sources\Forest\20251118_180003_445762.png,Forest
Data_Sources\Forest\20251118_180003_747982.png,Forest
Data_Sources\Forest\20251118_180004_054277.png,Forest
Data_Sources\Forest\20251118_180004_359680.png,Forest
Data_Sources\Forest\20251118_180004_686958.png,Forest
Data_Sources\Forest\20251118_180004_992521.png,Forest
Data_Sources\Forest\20251118_180005_291064.png,Forest
Data_Sources\Forest\20251118_180005_592143.png,Forest
Data_Sources\Forest\20251118_180005_898184.png,Forest
Data_Sources\Forest\20251118_180006_211378.png,Forest
Data_Sources\Forest\20251118_180006_520047.png,Forest
Data_Sources\Forest\20251118_180006_859158.png,Forest
Data_Sources\Forest\20251118_180007_175286.png,Forest
Data_Sources\Forest\20251118_180007_489681.png,Forest
Data_Sources\Forest\20251118_180007_806920.png,Forest
Data_Sources\Forest\20251118_180008_116131.png,Forest
Data_Sources\Forest\20251118_180008_424797.png,Forest
Data_Sources\Forest\20251118_180008_740620.png,Forest
Data_Sources\Forest\20251118_180009_034504.png,Forest
Data_Sources\Forest\20251118_180009_435247.png,Forest
Data_Sources\Forest\20251118_180009_757728.png,Forest
Data_Sources\Forest\20251118_180010_104005.png,Forest
Data_Sources\Forest\20251118_180010_461115.png,Forest
Data_Sources\Forest\20251118_180010_774958.png,Forest
Data_Sources\Forest\20251118_180011_087368.png,Forest
Data_Sources\Forest\20251118_180011_385010.png,Forest
Data_Sources\Forest\20251118_180011_688032.png,Forest
Data_Sources\Forest\20251118_180011_995392.png,Forest
Data_Sources\Forest\20251118_180012_307134.png,Forest
Data_Sources\Forest\20251118_180012_613007.png,Forest
Data_Sources\Forest\20251118_180012_915350.png,Forest
Data_Sources\Forest\20251118_180013_220140.png,Forest
Data_Sources\Forest\20251118_180013_524963.png,Forest
Data_Sources\Forest\20251118_180013_837299.png,Forest
Data_Sources\Forest\20251118_180014_159325.png,Forest
Data_Sources\Forest\20251118_180014_459253.png,Forest
Data_Sources\Forest\20251118_180014_757368.png,Forest
Data_Sources\Forest\20251118_180015_064435.png,Forest
Data_Sources\Forest\20251118_180015_375812.png,Forest
Data_Sources\Forest\20251118_180015_680926.png,Forest
Data_Sources\Forest\20251118_180015_990524.png,Forest
Data_Sources\Forest\20251118_180016_293138.png,Forest
Data_Sources\Forest\20251118_180016_598654.png,Forest
Data_Sources\Forest\20251118_180016_908994.png,Forest
Data_Sources\Forest\20251118_180017_219074.png,Forest
Data_Sources\Forest\20251118_180017_536829.png,Forest
Data_Sources\Forest\Forest1.png,Forest
Data_Sources\Forest\Forest2.png,Forest
Data_Sources\Forest\Forest3.png,Forest
Data_Sources\Forest\Forest4.png,Forest
Data_Sources\Forest\Forest5.png,Forest
Data_Sources\Jungle\20251118_174830_979082.png,Jungle
Data_Sources\Jungle\20251118_174832_588573.png,Jungle
Data_Sources\Jungle\20251118_174834_215020.png,Jungle
Data_Sources\Jungle\20251118_174835_808368.png,Jungle
Data_Sources\Jungle\20251118_174837_379045.png,Jungle
Data_Sources\Jungle\20251118_174838_977478.png,Jungle
Data_Sources\Jungle\20251118_174840_621659.png,Jungle
Data_Sources\Jungle\20251118_174842_252510.png,Jungle
Data_Sources\Jungle\20251118_174843_856080.png,Jungle
Data_Sources\Jungle\20251118_174845_464104.png,Jungle
Data_Sources\Jungle\20251118_174847_068311.png,Jungle
Data_Sources\Jungle\20251118_174848_706984.png,Jungle
Data_Sources\Jungle\20251118_174850_278715.png,Jungle
Data_Sources\Jungle\20251118_174851_856883.png,Jungle
Data_Sources\Jungle\20251118_174853_444921.png,Jungle
Data_Sources\Jungle\20251118_174855_046896.png,Jungle
Data_Sources\Jungle\20251118_174856_624329.png,Jungle
Data_Sources\Jungle\20251118_174858_266956.png,Jungle
Data_Sources\Jungle\20251118_174859_852410.png,Jungle
Data_Sources\Jungle\20251118_174901_496338.png,Jungle
Data_Sources\Jungle\20251118_174903_119406.png,Jungle
Data_Sources\Jungle\20251118_174904_710951.png,Jungle
Data_Sources\Jungle\20251118_174906_333813.png,Jungle
Data_Sources\Jungle\20251118_174907_953672.png,Jungle
Data_Sources\Jungle\20251118_174909_519334.png,Jungle
Data_Sources\Jungle\20251118_174911_073340.png,Jungle
Data_Sources\Jungle\20251118_174912_658380.png,Jungle
Data_Sources\Jungle\20251118_174914_264263.png,Jungle
Data_Sources\Jungle\20251118_174915_877563.png,Jungle
Data_Sources\Jungle\20251118_174917_448052.png,Jungle
Data_Sources\Jungle\20251118_174919_023807.png,Jungle
Data_Sources\Jungle\20251118_174920_575125.png,Jungle
Data_Sources\Jungle\20251118_174922_145295.png,Jungle
Data_Sources\Jungle\20251118_174923_732992.png,Jungle
Data_Sources\Jungle\20251118_174925_304748.png,Jungle
Data_Sources\Jungle\20251118_174926_878375.png,Jungle
Data_Sources\Jungle\20251118_174928_461052.png,Jungle
Data_Sources\Jungle\20251118_174930_120314.png,Jungle
Data_Sources\Jungle\20251118_174931_711122.png,Jungle
Data_Sources\Jungle\20251118_174933_287154.png,Jungle
Data_Sources\Jungle\20251118_174934_862429.png,Jungle
Data_Sources\Jungle\20251118_174936_438643.png,Jungle
Data_Sources\Jungle\20251118_174937_992050.png,Jungle
Data_Sources\Jungle\20251118_174939_568166.png,Jungle
Data_Sources\Jungle\20251118_174941_147310.png,Jungle
Data_Sources\Jungle\20251118_174942_752780.png,Jungle
Data_Sources\Jungle\20251118_174944_398057.png,Jungle
Data_Sources\Jungle\20251118_174946_039265.png,Jungle
Data_Sources\Jungle\20251118_174947_648007.png,Jungle
Data_Sources\Jungle\20251118_174949_220017.png,Jungle
Data_Sources\Jungle\20251118_174950_782067.png,Jungle
Data_Sources\Jungle\20251118_174952_338161.png,Jungle
Data_Sources\Jungle\20251118_174953_892026.png,Jungle
Data_Sources\Jungle\20251118_174955_443406.png,Jungle
Data_Sources\Jungle\20251118_174957_003511.png,Jungle
Data_Sources\Jungle\20251118_174958_611192.png,Jungle
Data_Sources\Jungle\20251118_175000_204824.png,Jungle
Data_Sources\Jungle\20251118_175001_782969.png,Jungle
Data_Sources\Jungle\20251118_175003_413056.png,Jungle
Data_Sources\Jungle\20251118_175005_024047.png,Jungle
Data_Sources\Jungle\20251118_175006_654268.png,Jungle
Data_Sources\Jungle\20251118_175008_288856.png,Jungle
Data_Sources\Jungle\20251118_175009_862944.png,Jungle
Data_Sources\Jungle\20251118_175011_449603.png,Jungle
Data_Sources\Jungle\20251118_175013_004065.png,Jungle
Data_Sources\Jungle\20251118_175014_575993.png,Jungle
Data_Sources\Jungle\20251118_175016_157726.png,Jungle
Data_Sources\Jungle\20251118_175017_749463.png,Jungle
Data_Sources\Jungle\20251118_175019_305240.png,Jungle
Data_Sources\Jungle\20251118_175020_956503.png,Jungle
Data_Sources\Jungle\20251118_175022_554473.png,Jungle
Data_Sources\Jungle\20251118_175024_122466.png,Jungle
Data_Sources\Jungle\20251118_175025_705570.png,Jungle
Data_Sources\Jungle\20251118_175027_288298.png,Jungle
Data_Sources\Jungle\20251118_175028_870358.png,Jungle
Data_Sources\Jungle\20251118_175030_506782.png,Jungle
Data_Sources\Jungle\20251118_175032_120289.png,Jungle
Data_Sources\Jungle\20251118_175033_700154.png,Jungle
Data_Sources\Jungle\20251118_175035_272823.png,Jungle
Data_Sources\Jungle\20251118_175036_841826.png,Jungle
Data_Sources\Jungle\20251118_175038_401787.png,Jungle
Data_Sources\Jungle\20251118_175039_974103.png,Jungle
Data_Sources\Jungle\20251118_175041_567290.png,Jungle
Data_Sources\Jungle\20251118_175043_106270.png,Jungle
Data_Sources\Jungle\20251118_175044_654611.png,Jungle
Data_Sources\Jungle\20251118_175046_215405.png,Jungle
Data_Sources\Jungle\20251118_175047_788241.png,Jungle
Data_Sources\Jungle\20251118_175049_356311.png,Jungle
Data_Sources\Jungle\20251118_175050_923181.png,Jungle
Data_Sources\Jungle\20251118_175052_518851.png,Jungle
Data_Sources\Jungle\20251118_175054_076749.png,Jungle
Data_Sources\Jungle\20251118_175055_638011.png,Jungle
Data_Sources\Jungle\20251118_175057_224397.png,Jungle
Data_Sources\Jungle\20251118_175058_778386.png,Jungle
Data_Sources\Jungle\20251118_175100_363446.png,Jungle
Data_Sources\Jungle\20251118_175101_954214.png,Jungle
Data_Sources\Jungle\20251118_175103_539523.png,Jungle
Data_Sources\Jungle\20251118_175105_119627.png,Jungle
Data_Sources\Jungle\20251118_175148_977554.png,Jungle
Data_Sources\Jungle\20251118_175149_287663.png,Jungle
Data_Sources\Jungle\20251118_175149_608920.png,Jungle
Data_Sources\Jungle\20251118_175149_933809.png,Jungle
Data_Sources\Jungle\20251118_175150_254652.png,Jungle
Data_Sources\Jungle\20251118_175150_577097.png,Jungle
Data_Sources\Jungle\20251118_175150_949342.png,Jungle
Data_Sources\Jungle\20251118_175151_269743.png,Jungle
Data_Sources\Jungle\20251118_175151_591728.png,Jungle
Data_Sources\Jungle\20251118_175151_920015.png,Jungle
Data_Sources\Jungle\20251118_175152_240370.png,Jungle
Data_Sources\Jungle\20251118_175152_584268.png,Jungle
Data_Sources\Jungle\20251118_175152_925005.png,Jungle
Data_Sources\Jungle\20251118_175153_275622.png,Jungle
Data_Sources\Jungle\20251118_175153_597621.png,Jungle
Data_Sources\Jungle\20251118_175153_906456.png,Jungle
Data_Sources\Jungle\20251118_175154_232661.png,Jungle
Data_Sources\Jungle\20251118_175154_559290.png,Jungle
Data_Sources\Jungle\20251118_175154_884761.png,Jungle
Data_Sources\Jungle\20251118_175155_219855.png,Jungle
Data_Sources\Jungle\20251118_175155_551466.png,Jungle
Data_Sources\Jungle\20251118_175155_890671.png,Jungle
Data_Sources\Jungle\20251118_175156_225278.png,Jungle
Data_Sources\Jungle\20251118_175156_567282.png,Jungle
Data_Sources\Jungle\20251118_175156_920088.png,Jungle
Data_Sources\Jungle\20251118_175157_269294.png,Jungle
Data_Sources\Jungle\20251118_175157_598789.png,Jungle
Data_Sources\Jungle\20251118_175157_920221.png,Jungle
Data_Sources\Jungle\20251118_175158_246624.png,Jungle
Data_Sources\Jungle\20251118_175158_569176.png,Jungle
Data_Sources\Jungle\20251118_175158_901644.png,Jungle
Data_Sources\Jungle\20251118_175159_235787.png,Jungle
Data_Sources\Jungle\20251118_175159_591923.png,Jungle
Data_Sources\Jungle\20251118_175159_949801.png,Jungle
Data_Sources\Jungle\20251118_175200_293421.png,Jungle
Data_Sources\Jungle\20251118_175200_641526.png,Jungle
Data_Sources\Jungle\20251118_175200_982823.png,Jungle
Data_Sources\Jungle\20251118_175201_344545.png,Jungle
Data_Sources\Jungle\20251118_175201_692169.png,Jungle
Data_Sources\Jungle\20251118_175202_040690.png,Jungle
Data_Sources\Jungle\20251118_175202_407337.png,Jungle
Data_Sources\Jungle\20251118_175202_754931.png,Jungle
Data_Sources\Jungle\20251118_175203_087962.png,Jungle
Data_Sources\Jungle\20251118_175203_437344.png,Jungle
Data_Sources\Jungle\20251118_175203_803348.png,Jungle
Data_Sources\Jungle\20251118_175204_153539.png,Jungle
Data_Sources\Jungle\20251118_175204_506426.png,Jungle
Data_Sources\Jungle\20251118_175204_860028.png,Jungle
Data_Sources\Jungle\20251118_175205_212216.png,Jungle
Data_Sources\Jungle\20251118_175205_632319.png,Jungle
Data_Sources\Jungle\20251118_175206_002915.png,Jungle
Data_Sources\Jungle\20251118_175206_371301.png,Jungle
Data_Sources\Jungle\20251118_175206_685912.png,Jungle
Data_Sources\Jungle\20251118_175207_015051.png,Jungle
Data_Sources\Jungle\20251118_175207_340633.png,Jungle
Data_Sources\Jungle\20251118_175207_675178.png,Jungle
Data_Sources\Jungle\20251118_175207_999895.png,Jungle
Data_Sources\Jungle\20251118_175208_347397.png,Jungle
Data_Sources\Jungle\20251118_175208_691916.png,Jungle
Data_Sources\Jungle\20251118_175209_021382.png,Jungle
Data_Sources\Jungle\20251118_175209_335971.png,Jungle
Data_Sources\Jungle\20251118_175209_629101.png,Jungle
Data_Sources\Jungle\20251118_175209_934799.png,Jungle
Data_Sources\Jungle\20251118_175210_246759.png,Jungle
Data_Sources\Jungle\20251118_175210_565682.png,Jungle
Data_Sources\Jungle\20251118_175210_888771.png,Jungle
Data_Sources\Jungle\20251118_175211_207429.png,Jungle
Data_Sources\Jungle\20251118_175211_522020.png,Jungle
Data_Sources\Jungle\20251118_175211_858116.png,Jungle
Data_Sources\Jungle\20251118_175212_192180.png,Jungle
Data_Sources\Jungle\20251118_175212_540624.png,Jungle
Data_Sources\Jungle\20251118_175212_899358.png,Jungle
Data_Sources\Jungle\20251118_175213_234267.png,Jungle
Data_Sources\Jungle\20251118_175213_578347.png,Jungle
Data_Sources\Jungle\20251118_175213_920868.png,Jungle
Data_Sources\Jungle\20251118_175214_240076.png,Jungle
Data_Sources\Jungle\20251118_175214_559298.png,Jungle
Data_Sources\Jungle\20251118_175214_869446.png,Jungle
Data_Sources\Jungle\20251118_175215_178795.png,Jungle
Data_Sources\Jungle\20251118_175215_491615.png,Jungle
Data_Sources\Jungle\20251118_175215_809875.png,Jungle
Data_Sources\Jungle\20251118_175216_134758.png,Jungle
Data_Sources\Jungle\20251118_175216_452554.png,Jungle
Data_Sources\Jungle\20251118_175216_786424.png,Jungle
Data_Sources\Jungle\20251118_175217_106138.png,Jungle
Data_Sources\Jungle\20251118_175217_426351.png,Jungle
Data_Sources\Jungle\20251118_175217_758175.png,Jungle
Data_Sources\Jungle\20251118_175218_084547.png,Jungle
Data_Sources\Jungle\20251118_175218_420781.png,Jungle
Data_Sources\Jungle\20251118_175218_840044.png,Jungle
Data_Sources\Jungle\20251118_175219_304783.png,Jungle
Data_Sources\Jungle\20251118_175219_641314.png,Jungle
Data_Sources\Jungle\20251118_175219_977778.png,Jungle
Data_Sources\Jungle\20251118_175220_304773.png,Jungle
Data_Sources\Jungle\20251118_175220_637636.png,Jungle
Data_Sources\Jungle\20251118_175220_981656.png,Jungle
Data_Sources\Jungle\20251118_175221_351005.png,Jungle
Data_Sources\Jungle\20251118_175221_708144.png,Jungle
Data_Sources\Jungle\20251118_175222_059653.png,Jungle
Data_Sources\Jungle\20251118_175222_404507.png,Jungle
Data_Sources\Jungle\20251118_175222_763843.png,Jungle
Data_Sources\Jungle\20251118_175223_126950.png,Jungle
Data_Sources\Jungle\20251118_175223_471550.png,Jungle
Data_Sources\Jungle\20251118_175223_799348.png,Jungle
Data_Sources\Jungle\20251118_175224_125577.png,Jungle
Data_Sources\Jungle\20251118_175224_464737.png,Jungle
Data_Sources\Jungle\20251118_175224_829110.png,Jungle
Data_Sources\Jungle\20251118_175225_163732.png,Jungle
Data_Sources\Jungle\20251118_175225_485222.png,Jungle
Data_Sources\Jungle\20251118_175225_794326.png,Jungle
Data_Sources\Jungle\20251118_175226_097804.png,Jungle
Data_Sources\Jungle\20251118_175226_404730.png,Jungle
Data_Sources\Jungle\20251118_175226_722416.png,Jungle
Data_Sources\Jungle\20251118_175227_044366.png,Jungle
Data_Sources\Jungle\20251118_175227_366240.png,Jungle
Data_Sources\Jungle\20251118_175227_684943.png,Jungle
Data_Sources\Jungle\20251118_175227_997087.png,Jungle
Data_Sources\Jungle\20251118_175228_313241.png,Jungle
Data_Sources\Jungle\20251118_175228_652358.png,Jungle
Data_Sources\Jungle\20251118_175228_965211.png,Jungle
Data_Sources\Jungle\20251118_175229_276331.png,Jungle
Data_Sources\Jungle\20251118_175229_584787.png,Jungle
Data_Sources\Jungle\20251118_175229_901138.png,Jungle
Data_Sources\Jungle\20251118_175230_223217.png,Jungle
Data_Sources\Jungle\20251118_175230_530376.png,Jungle
Data_Sources\Jungle\20251118_175230_840870.png,Jungle
Data_Sources\Jungle\20251118_175231_160471.png,Jungle
Data_Sources\Jungle\20251118_175231_500196.png,Jungle
Data_Sources\Jungle\20251118_175231_833359.png,Jungle
Data_Sources\Jungle\20251118_175232_175764.png,Jungle
Data_Sources\Jungle\20251118_175232_515931.png,Jungle
Data_Sources\Jungle\20251118_175232_848140.png,Jungle
Data_Sources\Jungle\20251118_175233_174282.png,Jungle
Data_Sources\Jungle\20251118_175233_552635.png,Jungle
Data_Sources\Jungle\20251118_175233_905959.png,Jungle
Data_Sources\Jungle\20251118_175234_252052.png,Jungle
Data_Sources\Jungle\20251118_175234_611805.png,Jungle
Data_Sources\Jungle\20251118_175234_943111.png,Jungle
Data_Sources\Jungle\20251118_175235_266303.png,Jungle
Data_Sources\Jungle\20251118_175235_583898.png,Jungle
Data_Sources\Jungle\20251118_175235_905283.png,Jungle
Data_Sources\Jungle\20251118_175236_229681.png,Jungle
Data_Sources\Jungle\20251118_175236_551830.png,Jungle
Data_Sources\Jungle\20251118_175236_859900.png,Jungle
Data_Sources\Jungle\20251118_175237_175978.png,Jungle
Data_Sources\Jungle\20251118_175237_484833.png,Jungle
Data_Sources\Jungle\20251118_175237_817746.png,Jungle
Data_Sources\Jungle\20251118_175238_141514.png,Jungle
Data_Sources\Jungle\20251118_175238_462024.png,Jungle
Data_Sources\Jungle\20251118_175238_774017.png,Jungle
Data_Sources\Jungle\20251118_175239_072886.png,Jungle
Data_Sources\Jungle\20251118_175239_380992.png,Jungle
Data_Sources\Jungle\20251118_175239_691994.png,Jungle
Data_Sources\Jungle\20251118_175240_020248.png,Jungle
Data_Sources\Jungle\20251118_175240_357803.png,Jungle
Data_Sources\Jungle\20251118_175240_671635.png,Jungle
Data_Sources\Jungle\20251118_175240_997027.png,Jungle
Data_Sources\Jungle\20251118_175241_336972.png,Jungle
Data_Sources\Jungle\20251118_175241_657128.png,Jungle
Data_Sources\Jungle\20251118_175241_969627.png,Jungle
Data_Sources\Jungle\20251118_175242_288626.png,Jungle
Data_Sources\Jungle\20251118_175242_604632.png,Jungle
Data_Sources\Jungle\20251118_175242_925200.png,Jungle
Data_Sources\Jungle\20251118_175243_246815.png,Jungle
Data_Sources\Jungle\20251118_175243_593247.png,Jungle
Data_Sources\Jungle\20251118_175243_927845.png,Jungle
Data_Sources\Jungle\20251118_175244_284700.png,Jungle
Data_Sources\Jungle\20251118_175244_697639.png,Jungle
Data_Sources\Jungle\20251118_175245_050032.png,Jungle
Data_Sources\Jungle\20251118_175245_405831.png,Jungle
Data_Sources\Jungle\20251118_175245_815095.png,Jungle
Data_Sources\Jungle\20251118_175246_194012.png,Jungle
Data_Sources\Jungle\20251118_175246_553223.png,Jungle
Data_Sources\Jungle\20251118_175247_031432.png,Jungle
Data_Sources\Jungle\20251118_175247_367520.png,Jungle
Data_Sources\Jungle\20251118_175247_684889.png,Jungle
Data_Sources\Jungle\20251118_175248_058487.png,Jungle
Data_Sources\Jungle\20251118_175248_504719.png,Jungle
Data_Sources\Jungle\20251118_175248_922957.png,Jungle
Data_Sources\Jungle\20251118_175249_274766.png,Jungle
Data_Sources\Jungle\20251118_175249_608794.png,Jungle
Data_Sources\Jungle\20251118_175249_933992.png,Jungle
Data_Sources\Jungle\20251118_175250_248386.png,Jungle
Data_Sources\Jungle\20251118_175250_571507.png,Jungle
Data_Sources\Jungle\20251118_175250_902906.png,Jungle
Data_Sources\Jungle\20251118_175251_233572.png,Jungle
Data_Sources\Jungle\20251118_175251_540211.png,Jungle
Data_Sources\Jungle\20251118_175251_849939.png,Jungle
Data_Sources\Jungle\20251118_175252_159535.png,Jungle
Data_Sources\Jungle\20251118_175252_488917.png,Jungle
Data_Sources\Jungle\20251118_175252_821008.png,Jungle
Data_Sources\Jungle\20251118_175253_138206.png,Jungle
Data_Sources\Jungle\20251118_175253_472330.png,Jungle
Data_Sources\Jungle\20251118_175253_776112.png,Jungle
Data_Sources\Jungle\20251118_175254_079120.png,Jungle
Data_Sources\Jungle\20251118_175254_383367.png,Jungle
Data_Sources\Jungle\20251118_175254_706947.png,Jungle
Data_Sources\Jungle\20251118_175255_041583.png,Jungle
Data_Sources\Jungle\20251118_175255_366779.png,Jungle
Data_Sources\Jungle\20251118_175255_678731.png,Jungle
Data_Sources\Jungle\20251118_175256_004305.png,Jungle
Data_Sources\Jungle\20251118_175256_326701.png,Jungle
Data_Sources\Jungle\20251118_175256_653414.png,Jungle
Data_Sources\Jungle\20251118_175256_974969.png,Jungle
Data_Sources\Jungle\20251118_175257_295060.png,Jungle
Data_Sources\Jungle\20251118_175257_615146.png,Jungle
Data_Sources\Jungle\20251118_175257_936175.png,Jungle
Data_Sources\Jungle\20251118_175258_298264.png,Jungle
Data_Sources\Jungle\20251118_175258_635162.png,Jungle
Data_Sources\Jungle\20251118_175258_979097.png,Jungle
Data_Sources\Jungle\20251118_175259_328269.png,Jungle
Data_Sources\Jungle\20251118_175259_655854.png,Jungle
Data_Sources\Jungle\20251118_175259_995313.png,Jungle
Data_Sources\Jungle\20251118_175300_341045.png,Jungle
Data_Sources\Jungle\20251118_175300_737969.png,Jungle
Data_Sources\Jungle\20251118_175301_076071.png,Jungle
Data_Sources\Jungle\20251118_175301_412726.png,Jungle
Data_Sources\Jungle\20251118_175301_751526.png,Jungle
Data_Sources\Jungle\20251118_175302_099809.png,Jungle
Data_Sources\Jungle\20251118_175302_420087.png,Jungle
Data_Sources\Jungle\20251118_175302_752324.png,Jungle
Data_Sources\Jungle\20251118_175303_066463.png,Jungle
Data_Sources\Jungle\20251118_175303_396416.png,Jungle
Data_Sources\Jungle\20251118_175303_724102.png,Jungle
Data_Sources\Jungle\20251118_175304_051843.png,Jungle
Data_Sources\Jungle\20251118_175304_371361.png,Jungle
Data_Sources\Jungle\20251118_175304_683516.png,Jungle
Data_Sources\Jungle\20251118_175305_001761.png,Jungle
Data_Sources\Jungle\20251118_175305_319279.png,Jungle
Data_Sources\Jungle\20251118_175305_635767.png,Jungle
Data_Sources\Jungle\20251118_175305_942157.png,Jungle
Data_Sources\Jungle\20251118_175306_262362.png,Jungle
Data_Sources\Jungle\20251118_175306_596646.png,Jungle
Data_Sources\Jungle\20251118_175306_949180.png,Jungle
Data_Sources\Jungle\20251118_175307_258724.png,Jungle
Data_Sources\Jungle\20251118_175307_580234.png,Jungle
Data_Sources\Jungle\20251118_175307_910730.png,Jungle
Data_Sources\Jungle\20251118_175308_235002.png,Jungle
Data_Sources\Jungle\20251118_175308_575081.png,Jungle
Data_Sources\Jungle\20251118_175308_894266.png,Jungle
Data_Sources\Jungle\20251118_175309_231190.png,Jungle
Data_Sources\Jungle\20251118_175309_597427.png,Jungle
Data_Sources\Jungle\20251118_175309_955290.png,Jungle
Data_Sources\Jungle\20251118_175310_320635.png,Jungle
Data_Sources\Jungle\20251118_175310_699050.png,Jungle
Data_Sources\Jungle\20251118_175311_037632.png,Jungle
Data_Sources\Jungle\20251118_175311_369215.png,Jungle
Data_Sources\Jungle\20251118_175311_702869.png,Jungle
Data_Sources\Jungle\20251118_175312_018769.png,Jungle
Data_Sources\Jungle\20251118_175312_331227.png,Jungle
Data_Sources\Jungle\20251118_175312_623877.png,Jungle
Data_Sources\Jungle\20251118_175312_919804.png,Jungle
Data_Sources\Jungle\20251118_175313_217682.png,Jungle
Data_Sources\Jungle\20251118_175313_535243.png,Jungle
Data_Sources\Jungle\20251118_175313_867843.png,Jungle
Data_Sources\Jungle\20251118_175314_199789.png,Jungle
Data_Sources\Jungle\20251118_175314_535787.png,Jungle
Data_Sources\Jungle\20251118_175314_873245.png,Jungle
Data_Sources\Jungle\20251118_175315_238390.png,Jungle
Data_Sources\Jungle\20251118_175315_588995.png,Jungle
Data_Sources\Jungle\20251118_175315_932840.png,Jungle
Data_Sources\Jungle\20251118_175316_250301.png,Jungle
Data_Sources\Jungle\20251118_175316_566170.png,Jungle
Data_Sources\Jungle\20251118_175316_883282.png,Jungle
Data_Sources\Jungle\20251118_175317_200570.png,Jungle
Data_Sources\Jungle\20251118_175317_520483.png,Jungle
Data_Sources\Jungle\20251118_175317_835557.png,Jungle
Data_Sources\Jungle\20251118_175318_151323.png,Jungle
Data_Sources\Jungle\20251118_175318_471793.png,Jungle
Data_Sources\Jungle\20251118_175318_883136.png,Jungle
Data_Sources\Jungle\20251118_175319_210382.png,Jungle
Data_Sources\Jungle\20251118_175319_538977.png,Jungle
Data_Sources\Jungle\20251118_175319_874288.png,Jungle
Data_Sources\Jungle\20251118_175320_196103.png,Jungle
Data_Sources\Jungle\20251118_175320_561041.png,Jungle
Data_Sources\Jungle\20251118_175320_902870.png,Jungle
Data_Sources\Jungle\20251118_175321_233248.png,Jungle
Data_Sources\Jungle\20251118_175321_549991.png,Jungle
Data_Sources\Jungle\20251118_175321_873486.png,Jungle
Data_Sources\Jungle\20251118_175322_194074.png,Jungle
Data_Sources\Jungle\20251118_175322_550313.png,Jungle
Data_Sources\Jungle\20251118_175322_889411.png,Jungle
Data_Sources\Jungle\20251118_175323_229922.png,Jungle
Data_Sources\Jungle\20251118_175323_561257.png,Jungle
Data_Sources\Jungle\20251118_175323_889716.png,Jungle
Data_Sources\Jungle\20251118_175324_220330.png,Jungle
Data_Sources\Jungle\20251118_175324_546128.png,Jungle
Data_Sources\Jungle\20251118_175324_882135.png,Jungle
Data_Sources\Jungle\20251118_175325_220753.png,Jungle
Data_Sources\Jungle\20251118_175325_563458.png,Jungle
Data_Sources\Jungle\20251118_175325_937409.png,Jungle
Data_Sources\Jungle\20251118_175326_314021.png,Jungle
Data_Sources\Jungle\20251118_175326_667109.png,Jungle
Data_Sources\Jungle\20251118_175327_005777.png,Jungle
Data_Sources\Jungle\20251118_175327_345284.png,Jungle
Data_Sources\Jungle\20251118_175327_686120.png,Jungle
Data_Sources\Jungle\20251118_175328_034917.png,Jungle
Data_Sources\Jungle\20251118_175328_382004.png,Jungle
Data_Sources\Jungle\20251118_175328_739123.png,Jungle
Data_Sources\Jungle\20251118_175329_103031.png,Jungle
Data_Sources\Jungle\20251118_175329_449182.png,Jungle
Data_Sources\Jungle\20251118_175329_766624.png,Jungle
Data_Sources\Jungle\20251118_175330_081275.png,Jungle
Data_Sources\Jungle\20251118_175330_403895.png,Jungle
Data_Sources\Jungle\20251118_175330_723981.png,Jungle
Data_Sources\Jungle\20251118_175331_034582.png,Jungle
Data_Sources\Jungle\20251118_175331_346345.png,Jungle
Data_Sources\Jungle\20251118_175331_654789.png,Jungle
Data_Sources\Jungle\20251118_175331_967991.png,Jungle
Data_Sources\Jungle\20251118_175332_282074.png,Jungle
Data_Sources\Jungle\20251118_175332_603152.png,Jungle
Data_Sources\Jungle\20251118_175332_906266.png,Jungle
Data_Sources\Jungle\20251118_175333_236091.png,Jungle
Data_Sources\Jungle\20251118_175333_588484.png,Jungle
Data_Sources\Jungle\20251118_175333_908161.png,Jungle
Data_Sources\Jungle\20251118_175334_228187.png,Jungle
Data_Sources\Jungle\20251118_175334_549775.png,Jungle
Data_Sources\Jungle\20251118_175334_871162.png,Jungle
Data_Sources\Jungle\20251118_175335_195656.png,Jungle
Data_Sources\Jungle\20251118_175335_526121.png,Jungle
Data_Sources\Jungle\20251118_175335_843762.png,Jungle
Data_Sources\Jungle\20251118_175336_151843.png,Jungle
Data_Sources\Jungle\20251118_175336_457807.png,Jungle
Data_Sources\Jungle\20251118_175336_779866.png,Jungle
Data_Sources\Jungle\20251118_175337_105108.png,Jungle
Data_Sources\Jungle\20251118_175337_422192.png,Jungle
Data_Sources\Jungle\20251118_175337_736274.png,Jungle
Data_Sources\Jungle\20251118_175338_066728.png,Jungle
Data_Sources\Jungle\20251118_175338_389547.png,Jungle
Data_Sources\Jungle\20251118_175338_719195.png,Jungle
Data_Sources\Jungle\20251118_175339_040245.png,Jungle
Data_Sources\Jungle\20251118_175339_362006.png,Jungle
Data_Sources\Jungle\20251118_175339_677598.png,Jungle
Data_Sources\Jungle\20251118_175339_985163.png,Jungle
Data_Sources\Jungle\20251118_175340_297380.png,Jungle
Data_Sources\Jungle\20251118_175340_601305.png,Jungle
Data_Sources\Jungle\20251118_175340_904925.png,Jungle
Data_Sources\Jungle\20251118_175341_215996.png,Jungle
Data_Sources\Jungle\20251118_175341_523072.png,Jungle
Data_Sources\Jungle\20251118_175341_845144.png,Jungle
Data_Sources\Jungle\20251118_175342_207214.png,Jungle
Data_Sources\Jungle\20251118_175342_550343.png,Jungle
Data_Sources\Jungle\20251118_175342_886729.png,Jungle
Data_Sources\Jungle\20251118_175343_201821.png,Jungle
Data_Sources\Jungle\20251118_175343_536643.png,Jungle
Data_Sources\Jungle\20251118_175343_866741.png,Jungle
Data_Sources\Jungle\20251118_175344_185951.png,Jungle
Data_Sources\Jungle\20251118_175344_505541.png,Jungle
Data_Sources\Jungle\20251118_175344_831286.png,Jungle
Data_Sources\Jungle\20251118_175345_156953.png,Jungle
Data_Sources\Jungle\20251118_175345_507064.png,Jungle
Data_Sources\Jungle\20251118_175345_872815.png,Jungle
Data_Sources\Jungle\20251118_175346_228728.png,Jungle
Data_Sources\Jungle\20251118_175346_570465.png,Jungle
Data_Sources\Jungle\20251118_175346_903389.png,Jungle
Data_Sources\Jungle\20251118_175347_234782.png,Jungle
Data_Sources\Jungle\20251118_175347_550120.png,Jungle
Data_Sources\Jungle\20251118_175347_871650.png,Jungle
Data_Sources\Jungle\20251118_175348_189275.png,Jungle
Data_Sources\Jungle\20251118_175348_506374.png,Jungle
Data_Sources\Jungle\20251118_175348_965163.png,Jungle
Data_Sources\Jungle\20251118_175349_307918.png,Jungle
Data_Sources\Jungle\20251118_175349_623872.png,Jungle
Data_Sources\Jungle\20251118_175349_957283.png,Jungle
Data_Sources\Jungle\20251118_175350_305284.png,Jungle
Data_Sources\Jungle\20251118_175350_632954.png,Jungle
Data_Sources\Jungle\20251118_175350_967037.png,Jungle
Data_Sources\Jungle\20251118_175351_298151.png,Jungle
Data_Sources\Jungle\20251118_175351_621764.png,Jungle
Data_Sources\Jungle\20251118_175351_942343.png,Jungle
Data_Sources\Jungle\20251118_175352_283841.png,Jungle
Data_Sources\Jungle\20251118_175352_601885.png,Jungle
Data_Sources\Jungle\20251118_175352_920814.png,Jungle
Data_Sources\Jungle\20251118_175353_239697.png,Jungle
Data_Sources\Jungle\20251118_175353_562622.png,Jungle
Data_Sources\Jungle\20251118_175353_889818.png,Jungle
Data_Sources\Jungle\20251118_175354_205906.png,Jungle
Data_Sources\Jungle\20251118_175354_531706.png,Jungle
Data_Sources\Jungle\20251118_175354_856621.png,Jungle
Data_Sources\Jungle\20251118_175355_194443.png,Jungle
Data_Sources\Jungle\20251118_175355_526996.png,Jungle
Data_Sources\Jungle\20251118_175355_848101.png,Jungle
Data_Sources\Jungle\20251118_175356_167635.png,Jungle
Data_Sources\Jungle\20251118_175356_488767.png,Jungle
Data_Sources\Jungle\20251118_175356_815803.png,Jungle
Data_Sources\Jungle\20251118_175357_144625.png,Jungle
Data_Sources\Jungle\20251118_175357_469187.png,Jungle
Data_Sources\Jungle\20251118_175357_788788.png,Jungle
Data_Sources\Jungle\20251118_175358_103376.png,Jungle
Data_Sources\Jungle\20251118_175358_417339.png,Jungle
Data_Sources\Jungle\20251118_175358_728906.png,Jungle
Data_Sources\Jungle\20251118_175359_038097.png,Jungle
Data_Sources\Jungle\20251118_175359_349362.png,Jungle
Data_Sources\Jungle\20251118_175359_656935.png,Jungle
Data_Sources\Jungle\20251118_175359_969544.png,Jungle
Data_Sources\Jungle\20251118_175400_283136.png,Jungle
Data_Sources\Jungle\20251118_175400_589901.png,Jungle
Data_Sources\Jungle\20251118_175400_898543.png,Jungle
Data_Sources\Jungle\20251118_175401_211584.png,Jungle
Data_Sources\Jungle\20251118_175401_518698.png,Jungle
Data_Sources\Jungle\20251118_175401_834430.png,Jungle
Data_Sources\Jungle\20251118_175402_146008.png,Jungle
Data_Sources\Jungle\20251118_175402_455085.png,Jungle
Data_Sources\Jungle\20251118_175402_765758.png,Jungle
Data_Sources\Jungle\20251118_175403_086379.png,Jungle
Data_Sources\Jungle\20251118_175403_412730.png,Jungle
Data_Sources\Jungle\20251118_175403_774667.png,Jungle
Data_Sources\Jungle\20251118_175404_128525.png,Jungle
Data_Sources\Jungle\20251118_175404_523164.png,Jungle
Data_Sources\Jungle\20251118_175404_848173.png,Jungle
Data_Sources\Jungle\20251118_175405_177302.png,Jungle
Data_Sources\Jungle\20251118_175405_505664.png,Jungle
Data_Sources\Jungle\20251118_175405_836271.png,Jungle
Data_Sources\Jungle\20251118_175406_164745.png,Jungle
Data_Sources\Jungle\20251118_175406_486632.png,Jungle
Data_Sources\Jungle\20251118_175406_807276.png,Jungle
Data_Sources\Jungle\20251118_175407_130377.png,Jungle
Data_Sources\Jungle\20251118_175407_455172.png,Jungle
Data_Sources\Jungle\20251118_175407_804192.png,Jungle
Data_Sources\Jungle\20251118_175408_139791.png,Jungle
Data_Sources\Jungle\20251118_175408_485188.png,Jungle
Data_Sources\Jungle\20251118_175408_841147.png,Jungle
Data_Sources\Jungle\20251118_175409_188742.png,Jungle
Data_Sources\Jungle\20251118_175409_531393.png,Jungle
Data_Sources\Jungle\20251118_175409_855492.png,Jungle
Data_Sources\Jungle\20251118_175410_197654.png,Jungle
Data_Sources\Jungle\20251118_175410_568169.png,Jungle
Data_Sources\Jungle\20251118_175410_899647.png,Jungle
Data_Sources\Jungle\20251118_175411_228312.png,Jungle
Data_Sources\Jungle\20251118_175411_558403.png,Jungle
Data_Sources\Jungle\20251118_175411_893728.png,Jungle
Data_Sources\Jungle\20251118_175412_241364.png,Jungle
Data_Sources\Jungle\20251118_175412_584667.png,Jungle
Data_Sources\Jungle\20251118_175412_931276.png,Jungle
Data_Sources\Jungle\20251118_175413_263232.png,Jungle
Data_Sources\Jungle\20251118_175413_621614.png,Jungle
Data_Sources\Jungle\20251118_175413_964865.png,Jungle
Data_Sources\Jungle\20251118_175414_316458.png,Jungle
Data_Sources\Jungle\20251118_175414_666786.png,Jungle
Data_Sources\Jungle\20251118_175414_995060.png,Jungle
Data_Sources\Jungle\20251118_175415_331141.png,Jungle
Data_Sources\Jungle\20251118_175415_658084.png,Jungle
Data_Sources\Jungle\20251118_175415_992711.png,Jungle
Data_Sources\Jungle\20251118_175416_317596.png,Jungle
Data_Sources\Jungle\20251118_175416_645149.png,Jungle
Data_Sources\Jungle\20251118_175416_954794.png,Jungle
Data_Sources\Jungle\20251118_175417_267869.png,Jungle
Data_Sources\Jungle\20251118_175417_586375.png,Jungle
Data_Sources\Jungle\20251118_175417_918622.png,Jungle
Data_Sources\Jungle\20251118_175418_272398.png,Jungle
Data_Sources\Jungle\20251118_175418_637121.png,Jungle
Data_Sources\Jungle\20251118_175418_979216.png,Jungle
Data_Sources\Jungle\20251118_175419_322788.png,Jungle
Data_Sources\Jungle\20251118_175419_671625.png,Jungle
Data_Sources\Jungle\20251118_175420_002876.png,Jungle
Data_Sources\Jungle\20251118_175420_340682.png,Jungle
Data_Sources\Jungle\20251118_175420_666846.png,Jungle
Data_Sources\Jungle\20251118_175420_998023.png,Jungle
Data_Sources\Jungle\20251118_175421_338667.png,Jungle
Data_Sources\Jungle\20251118_175421_649693.png,Jungle
Data_Sources\Jungle\20251118_175421_954623.png,Jungle
Data_Sources\Jungle\20251118_175422_282380.png,Jungle
Data_Sources\Jungle\20251118_175422_617591.png,Jungle
Data_Sources\Jungle\20251118_175422_944346.png,Jungle
Data_Sources\Jungle\20251118_175423_250424.png,Jungle
Data_Sources\Jungle\20251118_175423_568315.png,Jungle
Data_Sources\Jungle\20251118_175423_886176.png,Jungle
Data_Sources\Jungle\20251118_175424_212737.png,Jungle
Data_Sources\Jungle\20251118_175424_549951.png,Jungle
Data_Sources\Jungle\20251118_175424_884192.png,Jungle
Data_Sources\Jungle\20251118_175425_206872.png,Jungle
Data_Sources\Jungle\20251118_175425_531619.png,Jungle
Data_Sources\Jungle\20251118_175425_853776.png,Jungle
Data_Sources\Plains\20251118_174348_504107.png,Plains
Data_Sources\Plains\20251118_174350_108762.png,Plains
Data_Sources\Plains\20251118_174351_751812.png,Plains
Data_Sources\Plains\20251118_174353_414434.png,Plains
Data_Sources\Plains\20251118_174354_997154.png,Plains
Data_Sources\Plains\20251118_174356_559320.png,Plains
Data_Sources\Plains\20251118_174358_112824.png,Plains
Data_Sources\Plains\20251118_174359_700372.png,Plains
Data_Sources\Plains\20251118_174401_263065.png,Plains
Data_Sources\Plains\20251118_174402_829100.png,Plains
Data_Sources\Plains\20251118_174404_386882.png,Plains
Data_Sources\Plains\20251118_174405_961380.png,Plains
Data_Sources\Plains\20251118_174407_543269.png,Plains
Data_Sources\Plains\20251118_174409_177908.png,Plains
Data_Sources\Plains\20251118_174410_811947.png,Plains
Data_Sources\Plains\20251118_174412_436424.png,Plains
Data_Sources\Plains\20251118_174414_044041.png,Plains
Data_Sources\Plains\20251118_174415_627015.png,Plains
Data_Sources\Plains\20251118_174417_210088.png,Plains
Data_Sources\Plains\20251118_174418_885435.png,Plains
Data_Sources\Plains\20251118_174420_460854.png,Plains
Data_Sources\Plains\20251118_174422_015605.png,Plains
Data_Sources\Plains\20251118_174423_566571.png,Plains
Data_Sources\Plains\20251118_174425_130428.png,Plains
Data_Sources\Plains\20251118_174426_709771.png,Plains
Data_Sources\Plains\20251118_174428_282690.png,Plains
Data_Sources\Plains\20251118_174429_860094.png,Plains
Data_Sources\Plains\20251118_174431_411304.png,Plains
Data_Sources\Plains\20251118_174432_978750.png,Plains
Data_Sources\Plains\20251118_174434_557870.png,Plains
Data_Sources\Plains\20251118_174436_123780.png,Plains
Data_Sources\Plains\20251118_174437_689826.png,Plains
Data_Sources\Plains\20251118_174439_247334.png,Plains
Data_Sources\Plains\20251118_174440_812048.png,Plains
Data_Sources\Plains\20251118_174442_381570.png,Plains
Data_Sources\Plains\20251118_174443_944773.png,Plains
Data_Sources\Plains\20251118_174445_508328.png,Plains
Data_Sources\Plains\20251118_174447_104966.png,Plains
Data_Sources\Plains\20251118_174448_690294.png,Plains
Data_Sources\Plains\20251118_174450_264008.png,Plains
Data_Sources\Plains\20251118_174451_830447.png,Plains
Data_Sources\Plains\20251118_174453_399138.png,Plains
Data_Sources\Plains\20251118_174455_042936.png,Plains
Data_Sources\Plains\20251118_174456_630768.png,Plains
Data_Sources\Plains\20251118_174458_242624.png,Plains
Data_Sources\Plains\20251118_174459_878715.png,Plains
Data_Sources\Plains\20251118_174501_443669.png,Plains
Data_Sources\Plains\20251118_174503_010468.png,Plains
Data_Sources\Plains\20251118_174504_591005.png,Plains
Data_Sources\Plains\20251118_174506_158752.png,Plains
Data_Sources\Plains\20251118_174507_739047.png,Plains
Data_Sources\Plains\20251118_174509_304040.png,Plains
Data_Sources\Plains\20251118_174510_892268.png,Plains
Data_Sources\Plains\20251118_174512_457816.png,Plains
Data_Sources\Plains\20251118_174514_054122.png,Plains
Data_Sources\Plains\20251118_174515_629647.png,Plains
Data_Sources\Plains\20251118_174517_196417.png,Plains
Data_Sources\Plains\20251118_174518_764886.png,Plains
Data_Sources\Plains\20251118_174520_311362.png,Plains
Data_Sources\Plains\20251118_174521_891931.png,Plains
Data_Sources\Plains\20251118_174523_443789.png,Plains
Data_Sources\Plains\20251118_174525_002268.png,Plains
Data_Sources\Plains\20251118_174526_582965.png,Plains
Data_Sources\Plains\20251118_174528_154822.png,Plains
Data_Sources\Plains\20251118_174529_730833.png,Plains
Data_Sources\Plains\20251118_174531_331382.png,Plains
Data_Sources\Plains\20251118_174532_974200.png,Plains
Data_Sources\Plains\20251118_174534_565320.png,Plains
Data_Sources\Plains\20251118_174536_130874.png,Plains
Data_Sources\Plains\20251118_174537_706764.png,Plains
Data_Sources\Plains\20251118_174539_278625.png,Plains
Data_Sources\Plains\20251118_174540_847260.png,Plains
Data_Sources\Plains\20251118_174542_402285.png,Plains
Data_Sources\Plains\20251118_174543_987815.png,Plains
Data_Sources\Plains\20251118_174545_566354.png,Plains
Data_Sources\Plains\20251118_174547_129834.png,Plains
Data_Sources\Plains\20251118_174548_680824.png,Plains
Data_Sources\Plains\20251118_174550_247627.png,Plains
Data_Sources\Plains\20251118_174551_814146.png,Plains
Data_Sources\Plains\20251118_174553_390778.png,Plains
Data_Sources\Plains\20251118_174554_971055.png,Plains
Data_Sources\Plains\20251118_174556_540838.png,Plains
Data_Sources\Plains\20251118_174558_099642.png,Plains
Data_Sources\Plains\20251118_174559_676927.png,Plains
Data_Sources\Plains\20251118_174601_239916.png,Plains
Data_Sources\Plains\20251118_174602_813406.png,Plains
Data_Sources\Plains\20251118_174604_399631.png,Plains
Data_Sources\Plains\20251118_174605_975403.png,Plains
Data_Sources\Plains\20251118_174607_587851.png,Plains
Data_Sources\Plains\20251118_174609_211375.png,Plains
Data_Sources\Plains\20251118_174610_848187.png,Plains
Data_Sources\Plains\20251118_174612_428634.png,Plains
Data_Sources\Plains\20251118_174613_990795.png,Plains
Data_Sources\Plains\20251118_174615_548853.png,Plains
Data_Sources\Plains\20251118_174617_194559.png,Plains
Data_Sources\Plains\20251118_174618_783768.png,Plains
Data_Sources\Plains\20251118_174620_359427.png,Plains
Data_Sources\Plains\20251118_174621_965865.png,Plains
Data_Sources\Plains\20251118_174623_562979.png,Plains
Data_Sources\Plains\20251118_174625_177495.png,Plains
Data_Sources\Plains\20251118_174626_781617.png,Plains
Data_Sources\Plains\20251118_174628_392043.png,Plains
Data_Sources\Plains\20251118_174629_975493.png,Plains
Data_Sources\Plains\20251118_174631_541928.png,Plains
Data_Sources\Plains\20251118_174633_093441.png,Plains
Data_Sources\Plains\20251118_174634_662092.png,Plains
Data_Sources\Plains\20251118_174636_233189.png,Plains
Data_Sources\Plains\20251118_174637_809262.png,Plains
Data_Sources\Plains\20251118_174639_375233.png,Plains
Data_Sources\Plains\20251118_174640_942196.png,Plains
Data_Sources\Plains\20251118_174642_500201.png,Plains
Data_Sources\Plains\20251118_174644_077496.png,Plains
Data_Sources\Plains\20251118_174645_643804.png,Plains
